Workbook

Sheet 안내
A1: mixY 실험 그래프
A3: 내용 | B3: mixY: FIO-Fast / FIO-Slow / Varmail, 각 30분 × 20구간. 표 3 준비, 6 GiB FIO 파일 유지.
A4: 순서 | B4: F S V F V S F S V F V S F S V F V S F S
A5: 비교 호스트 | B5: oy-System-Product-Name; 기본37 / 견고50 / CAT47 / v6 / v7
A6: 이 PC | B6: oy-B550M-DS3H 결과는 별도 시트. 동일 환경의 반복으로 합치지 않음.
A7: WAF 정의 | B7: 전체=1+누적 gc_pages/host_pages. 구간=1+구간 gc_pages 차분/host_pages 차분. 초기 학습 비용 포함.
A8: 15분 WAF | B8: 30초 시계열에서 15분 경계에 가장 가까운 관측 카운터를 선택해 차분. 첫 경계는 실제 start의 0 카운터. x축은 구간 중앙.
A9: 누적 WAF | B9: 측정 시작 이후 누적 카운터 비율. 30초 표본은 독립 반복이 아님.
A10: 검증 범위 | B10: 원본 exit=0, 20개 경계 카운터/시간, stopped와 final-control 일치 및 summary 재계산 확인. 원래 PC의 독립 바이트 검사를 이번 내보내기에서 재수행한 것은 아님.
A11: 해석 | B11: 정책별 1회. 통계적 우열 및 1% 오차 범위를 추정하지 않음. CAT47은 mixY 전체 60조합 중 최적으로 확정되지 않음.
A12: 편집 | B12: 차트는 Excel 기본 차트이며 셀 데이터와 연결됨. PNG를 붙인 그래프가 아님.
A13: 원본 main | B13: bd147817a1cea5cab814eb7b68b676c2a2008f6e
A14: 원본 icat-2 | B14: d424f548b548715a190c6b2c7fa105d904f9aca8
A15: 색상 | B15: 기본37 회색 / 견고50 주황 / CAT47 분홍 / v6 황갈색 / v7 파랑

Sheet 전체 WAF
A1: 정책 | B1: host_pages | C1: gc_pages | D1: 전체 WAF | E1: hostname | F1: 원본 경로
A2: CAT-37 기본 | B2: 1710225907 | C2: 5694921632 | D2: =1+C2/B2 -> 4.3299236 | E2: oy-System-Product-Name | F2: result/gc-20261010/mixY-arm37-rep1
A3: CAT-50 견고 | B3: 1914777106 | C3: 5109067724 | D3: =1+C3/B3 -> 3.668231 | E3: oy-System-Product-Name | F3: result/gc-20261010/mixY-arm50-rep1
A4: CAT-47 | B4: 2015566028 | C4: 3757181146 | D4: =1+C4/B4 -> 2.8640824 | E4: oy-System-Product-Name | F4: result/gc-20261010/mixY-fixed47-rep1
A5: iCAT-v6 | B5: 2048603816 | C5: 4640923707 | D5: =1+C5/B5 -> 3.2654081 | E5: oy-System-Product-Name | F5: result/gc-20261010/mixY-onlinev6-rep1
A6: iCAT-v7 | B6: 2102044758 | C6: 4734010770 | D6: =1+C6/B6 -> 3.252098 | E6: oy-System-Product-Name | F6: result/v7-20261011/mixY/mixY-onlinev7-rep1

Sheet 구간 카운터
A1: 정책 | B1: 구간 | C1: 워크로드 | D1: 시작 epoch | E1: 종료 epoch | F1: host_pages 차분 | G1: gc_pages 차분 | H1: 구간 WAF
A2: CAT-37 기본 | B2: S01 | C2: F | D2: 1791885906 | E2: 1791887706 | F2: 72001990 | G2: 70441047 | H2: =1+G2/F2 -> 1.9783208
A3: CAT-37 기본 | B3: S02 | C3: S | D3: 1791887706 | E3: 1791889506 | F3: 18001245 | G3: 14600349 | H3: =1+G3/F3 -> 1.8110744
A4: CAT-37 기본 | B4: S03 | C4: V | D4: 1791889506 | E4: 1791891310 | F4: 197747353 | G4: 443624415 | H4: =1+G4/F4 -> 3.2433899
A5: CAT-37 기본 | B5: S04 | C5: F | D5: 1791891310 | E5: 1791893110 | F5: 72002002 | G5: 394149547 | H5: =1+G5/F5 -> 6.4741471
A6: CAT-37 기본 | B6: S05 | C6: V | D6: 1791893110 | E6: 1791894914 | F6: 175369728 | G6: 455926740 | H6: =1+G6/F6 -> 3.599803
A7: CAT-37 기본 | B7: S06 | C7: S | D7: 1791894914 | E7: 1791896714 | F7: 18001249 | G7: 82659795 | H7: =1+G7/F7 -> 5.5918922
A8: CAT-37 기본 | B8: S07 | C8: F | D8: 1791896714 | E8: 1791898514 | F8: 72001987 | G8: 395261001 | H8: =1+G8/F8 -> 6.4895846
A9: CAT-37 기본 | B9: S08 | C9: S | D9: 1791898514 | E9: 1791900315 | F9: 18001252 | G9: 83704586 | H9: =1+G9/F9 -> 5.6499313
A10: CAT-37 기본 | B10: S09 | C10: V | D10: 1791900315 | E10: 1791902118 | F10: 176306251 | G10: 459827624 | H10: =1+G10/F10 -> 3.6081187
A11: CAT-37 기본 | B11: S10 | C11: F | D11: 1791902118 | E11: 1791903919 | F11: 72002006 | G11: 395211775 | H11: =1+G11/F11 -> 6.4888995
A12: CAT-37 기본 | B12: S11 | C12: V | D12: 1791903919 | E12: 1791905722 | F12: 177161715 | G12: 461243216 | H12: =1+G12/F12 -> 3.6035152
A13: CAT-37 기본 | B13: S12 | C13: S | D13: 1791905722 | E13: 1791907522 | F13: 18001255 | G13: 82719765 | H13: =1+G13/F13 -> 5.5952221
... A101: iCAT-v7 | B101: S20 | C101: S | D101: 1791861807 | E101: 1791863607 | F101: 18001243 | G101: 67765667 | H101: =1+G101/F101 -> 4.7644993

Sheet 30분 구간 WAF
A1: 구간 | B1: 워크로드 | C1: CAT-37 기본 | D1: CAT-50 견고 | E1: CAT-47 | F1: iCAT-v6 | G1: iCAT-v7
A2: S01 F | B2: F | C2: ='구간 카운터'!H2 -> 1.9783208 | D2: ='구간 카운터'!H22 -> 1.8148527 | E2: ='구간 카운터'!H42 -> 1.7706874 | F2: ='구간 카운터'!H62 -> 1.9040711 | G2: ='구간 카운터'!H82 -> 1.9252602
A3: S02 S | B3: S | C3: ='구간 카운터'!H3 -> 1.8110744 | D3: ='구간 카운터'!H23 -> 1.7688631 | E3: ='구간 카운터'!H43 -> 1.7576801 | F3: ='구간 카운터'!H63 -> 1.7889195 | G3: ='구간 카운터'!H83 -> 1.8016463
A4: S03 V | B4: V | C4: ='구간 카운터'!H4 -> 3.2433899 | D4: ='구간 카운터'!H24 -> 2.7385624 | E4: ='구간 카운터'!H44 -> 2.142693 | F4: ='구간 카운터'!H64 -> 2.4972387 | G4: ='구간 카운터'!H84 -> 2.4216833
A5: S04 F | B5: F | C5: ='구간 카운터'!H5 -> 6.4741471 | D5: ='구간 카운터'!H25 -> 5.7445314 | E5: ='구간 카운터'!H45 -> 4.2773909 | F5: ='구간 카운터'!H65 -> 5.3118864 | G5: ='구간 카운터'!H85 -> 5.3439379
A6: S05 V | B6: V | C6: ='구간 카운터'!H6 -> 3.599803 | D6: ='구간 카운터'!H26 -> 3.0976566 | E6: ='구간 카운터'!H46 -> 2.3739742 | F6: ='구간 카운터'!H66 -> 2.6273622 | G6: ='구간 카운터'!H86 -> 2.6003178
A7: S06 S | B7: S | C7: ='구간 카운터'!H7 -> 5.5918922 | D7: ='구간 카운터'!H27 -> 4.5270608 | E7: ='구간 카운터'!H47 -> 4.045751 | F7: ='구간 카운터'!H67 -> 5.383106 | G7: ='구간 카운터'!H87 -> 5.0247167
A8: S07 F | B8: F | C8: ='구간 카운터'!H8 -> 6.4895846 | D8: ='구간 카운터'!H28 -> 5.7601544 | E8: ='구간 카운터'!H48 -> 4.3640327 | F8: ='구간 카운터'!H68 -> 5.3686906 | G8: ='구간 카운터'!H88 -> 5.4431947
A9: S08 S | B9: S | C9: ='구간 카운터'!H9 -> 5.6499313 | D9: ='구간 카운터'!H29 -> 4.5687456 | E9: ='구간 카운터'!H49 -> 4.0737201 | F9: ='구간 카운터'!H69 -> 4.4967385 | G9: ='구간 카운터'!H89 -> 4.7364231
A10: S09 V | B10: V | C10: ='구간 카운터'!H10 -> 3.6081187 | D10: ='구간 카운터'!H30 -> 3.0824342 | E10: ='구간 카운터'!H50 -> 2.3671803 | F10: ='구간 카운터'!H70 -> 2.6637055 | G10: ='구간 카운터'!H90 -> 2.5893418
A11: S10 F | B11: F | C11: ='구간 카운터'!H11 -> 6.4888995 | D11: ='구간 카운터'!H31 -> 5.7672669 | E11: ='구간 카운터'!H51 -> 4.3710889 | F11: ='구간 카운터'!H71 -> 5.3267457 | G11: ='구간 카운터'!H91 -> 5.6978725
A12: S11 V | B12: V | C12: ='구간 카운터'!H12 -> 3.6035152 | D12: ='구간 카운터'!H32 -> 3.0944512 | E12: ='구간 카운터'!H52 -> 2.4191201 | F12: ='구간 카운터'!H72 -> 2.628771 | G12: ='구간 카운터'!H92 -> 2.5941665
A13: S12 S | B13: S | C13: ='구간 카운터'!H13 -> 5.5952221 | D13: ='구간 카운터'!H33 -> 4.5257407 | E13: ='구간 카운터'!H53 -> 4.1635207 | F13: ='구간 카운터'!H73 -> 5.3775082 | G13: ='구간 카운터'!H93 -> 4.9910732
... A21: S20 S | B21: S | C21: ='구간 카운터'!H21 -> 5.6473527 | D21: ='구간 카운터'!H41 -> 4.5699677 | E21: ='구간 카운터'!H61 -> 4.1972687 | F21: ='구간 카운터'!H81 -> 4.4990051 | G21: ='구간 카운터'!H101 -> 4.7644993

Sheet 15분 구간 WAF
A1: 시간(h) | B1: CAT-37 기본 | C1: CAT-50 견고 | D1: CAT-47 | E1: iCAT-v6 | F1: iCAT-v7
A2: 0.125 | B2: ='15분 카운터'!G2 -> 1.9793427 | C2: ='15분 카운터'!G42 -> 1.8165339 | D2: ='15분 카운터'!G82 -> 1.7752403 | E2: ='15분 카운터'!G122 -> 1.9582968 | F2: ='15분 카운터'!G162 -> 1.9295087
A3: 0.375 | B3: ='15분 카운터'!G3 -> 1.9778384 | C3: ='15분 카운터'!G43 -> 1.8127545 | D3: ='15분 카운터'!G83 -> 1.7653444 | E3: ='15분 카운터'!G123 -> 1.8488513 | F3: ='15분 카운터'!G163 -> 1.9210482
A4: 0.625 | B4: ='15분 카운터'!G4 -> 1.8162269 | C4: ='15분 카운터'!G44 -> 1.7771244 | D4: ='15분 카운터'!G84 -> 1.7599583 | E4: ='15분 카운터'!G124 -> 1.7935456 | F4: ='15분 카운터'!G164 -> 1.8099918
A5: 0.875 | B5: ='15분 카운터'!G5 -> 1.8240735 | C5: ='15분 카운터'!G45 -> 1.7697339 | D5: ='15분 카운터'!G85 -> 1.7743653 | E5: ='15분 카운터'!G125 -> 1.7906105 | F5: ='15분 카운터'!G165 -> 1.801936
A6: 1.125 | B6: ='15분 카운터'!G6 -> 3.5182105 | C6: ='15분 카운터'!G46 -> 2.8258014 | D6: ='15분 카운터'!G86 -> 2.173561 | E6: ='15분 카운터'!G126 -> 2.6130008 | F6: ='15분 카운터'!G166 -> 2.585803
A7: 1.375 | B7: ='15분 카운터'!G7 -> 3.0014715 | C7: ='15분 카운터'!G47 -> 2.6611113 | D7: ='15분 카운터'!G87 -> 2.1139224 | E7: ='15분 카운터'!G127 -> 2.3928665 | F7: ='15분 카운터'!G167 -> 2.2752135
A8: 1.625 | B8: ='15분 카운터'!G8 -> 6.4587336 | C8: ='15분 카운터'!G48 -> 5.7270238 | D8: ='15분 카운터'!G88 -> 4.2605202 | E8: ='15분 카운터'!G128 -> 5.659928 | F8: ='15분 카운터'!G168 -> 5.3423414
A9: 1.875 | B9: ='15분 카운터'!G9 -> 6.4977627 | C9: ='15분 카운터'!G49 -> 5.7698138 | D9: ='15분 카운터'!G89 -> 4.2974202 | E9: ='15분 카운터'!G129 -> 4.9686614 | F9: ='15분 카운터'!G169 -> 5.3541645
A10: 2.125 | B10: ='15분 카운터'!G10 -> 4.0059199 | C10: ='15분 카운터'!G50 -> 3.3835235 | D10: ='15분 카운터'!G90 -> 2.5078579 | E10: ='15분 카운터'!G130 -> 2.8381475 | F10: ='15분 카운터'!G170 -> 2.8693005
A11: 2.375 | B11: ='15분 카운터'!G11 -> 3.2393199 | C11: ='15분 카운터'!G51 -> 2.8359763 | D11: ='15분 카운터'!G91 -> 2.2434968 | E11: ='15분 카운터'!G131 -> 2.4344767 | F11: ='15분 카운터'!G171 -> 2.3637528
A12: 2.625 | B12: ='15분 카운터'!G12 -> 5.5779567 | C12: ='15분 카운터'!G52 -> 4.5243707 | D12: ='15분 카운터'!G92 -> 4.030521 | E12: ='15분 카운터'!G132 -> 5.3523113 | F12: ='15분 카운터'!G172 -> 5.0909063
A13: 2.875 | B13: ='15분 카운터'!G13 -> 5.6086713 | C13: ='15분 카운터'!G53 -> 4.5303259 | D13: ='15분 카운터'!G93 -> 4.077674 | E13: ='15분 카운터'!G133 -> 5.4225092 | F13: ='15분 카운터'!G173 -> 4.9589102
... A41: 9.875 | B41: ='15분 카운터'!G41 -> 5.6352317 | C41: ='15분 카운터'!G81 -> 4.5467968 | D41: ='15분 카운터'!G121 -> 4.1903499 | E41: ='15분 카운터'!G161 -> 4.4832155 | F41: ='15분 카운터'!G201 -> 4.7931437

Sheet 15분 카운터
A1: 정책 | B1: 중앙 시간(h) | C1: 실제 시작 epoch | D1: 실제 종료 epoch | E1: host_pages 차분 | F1: gc_pages 차분 | G1: WAF
A2: CAT-37 기본 | B2: 0.125 | C2: 1791885906 | D2: 1791886813 | E2: 36300514 | F2: 35550643 | G2: =1+F2/E2 -> 1.9793427
A3: CAT-37 기본 | B3: 0.375 | C3: 1791886813 | D3: 1791887713 | E3: 35774569 | F3: 34981748 | G3: =1+F3/E3 -> 1.9778384
A4: CAT-37 기본 | B4: 0.625 | C4: 1791887713 | D4: 1791888614 | E4: 9002556 | F4: 7348128 | G4: =1+F4/E4 -> 1.8162269
A5: CAT-37 기본 | B5: 0.875 | C5: 1791888614 | D5: 1791889514 | E5: 9729695 | F5: 8017984 | G5: =1+F5/E5 -> 1.8240735
A6: CAT-37 기본 | B6: 1.125 | C6: 1791889514 | D6: 1791890414 | E6: 94362053 | F6: 237623511 | G6: =1+F6/E6 -> 3.5182105
A7: CAT-37 기본 | B7: 1.375 | C7: 1791890414 | D7: 1791891314 | E7: 102744718 | F7: 205640626 | G7: =1+F7/E7 -> 3.0014715
A8: CAT-37 기본 | B8: 1.625 | C8: 1791891314 | D8: 1791892215 | E8: 36009100 | F8: 196564083 | G8: =1+F8/E8 -> 6.4587336
A9: CAT-37 기본 | B9: 1.875 | C9: 1791892215 | D9: 1791893115 | E9: 36015418 | F9: 198004222 | G9: =1+F9/E9 -> 6.4977627
A10: CAT-37 기본 | B10: 2.125 | C10: 1791893115 | D10: 1791894015 | E10: 81822076 | F10: 245950603 | G10: =1+F10/E10 -> 4.0059199
A11: CAT-37 기본 | B11: 2.375 | C11: 1791894015 | D11: 1791894915 | E11: 93373354 | F11: 209092814 | G11: =1+F11/E11 -> 3.2393199
A12: CAT-37 기본 | B12: 2.625 | C12: 1791894915 | D12: 1791895815 | E12: 9002733 | F12: 41214122 | G12: =1+F12/E12 -> 5.5779567
A13: CAT-37 기본 | B13: 2.875 | C13: 1791895815 | D13: 1791896716 | E13: 9037389 | F13: 41650355 | G13: =1+F13/E13 -> 5.6086713
... A201: iCAT-v7 | B201: 9.875 | C201: 1791862666 | D201: 1791863566 | E201: 9002802 | F201: 34148922 | G201: =1+F201/E201 -> 4.7931437

Sheet 누적 WAF
A1: CAT-37 기본 시간(h) | B1: host_pages | C1: gc_pages | D1: CAT-37 기본 누적 WAF | E1: CAT-50 견고 시간(h) | F1: host_pages | G1: gc_pages | H1: CAT-50 견고 누적 WAF | I1: CAT-47 시간(h) | J1: host_pages | K1: gc_pages | L1: CAT-47 누적 WAF | M1: iCAT-v6 시간(h) | N1: host_pages | O1: gc_pages | P1: iCAT-v6 누적 WAF | Q1: iCAT-v7 시간(h) | R1: host_pages | S1: gc_pages | T1: iCAT-v7 누적 WAF
A2: 0.0019444444 | B2: 291826 | C2: 265356 | D2: =1+C2/B2 -> 1.9092953 | E2: 0.0019444444 | F2: 286074 | G2: 233536 | H2: =1+G2/F2 -> 1.8163482 | I2: 0.0019444444 | J2: 293281 | K2: 230662 | L2: =1+K2/J2 -> 1.786488 | M2: 0.0019444444 | N2: 276058 | O2: 250029 | P2: =1+O2/N2 -> 1.9057118 | Q2: 0.0022222222 | R2: 287698 | S2: 262568 | T2: =1+S2/R2 -> 1.9126515
A3: 0.010277778 | B3: 1492111 | C3: 1442976 | D3: =1+C3/B3 -> 1.9670701 | E3: 0.010277778 | F3: 1486792 | G3: 1295088 | H3: =1+G3/F3 -> 1.871062 | I3: 0.010277778 | J3: 1493605 | K3: 1276499 | L3: =1+K3/J3 -> 1.854643 | M3: 0.010277778 | N3: 1476336 | O3: 1440333 | P3: =1+O3/N3 -> 1.9756133 | Q3: 0.010555556 | R3: 1487985 | S3: 1344220 | T3: =1+S3/R3 -> 1.9033828
A4: 0.018611111 | B4: 2692389 | C4: 2619121 | D4: =1+C4/B4 -> 1.972787 | E4: 0.018888889 | F4: 2687110 | G4: 2237797 | H4: =1+G4/F4 -> 1.8327895 | I4: 0.018611111 | J4: 2693900 | K4: 2214900 | L4: =1+K4/J4 -> 1.8221909 | M4: 0.018611111 | N4: 2676626 | O4: 2477528 | P4: =1+O4/N4 -> 1.9256161 | Q4: 0.018888889 | R4: 2688271 | S4: 2626520 | T4: =1+S4/R4 -> 1.9770295
A5: 0.026944444 | B5: 3892678 | C5: 3838139 | D5: =1+C5/B5 -> 1.9859893 | E5: 0.027222222 | F5: 3887391 | G5: 3284678 | H5: =1+G5/F5 -> 1.8449569 | I5: 0.026944444 | J5: 3894181 | K5: 3251834 | L5: =1+K5/J5 -> 1.8350495 | M5: 0.026944444 | N5: 3876901 | O5: 3504776 | P5: =1+O5/N5 -> 1.9040148 | Q5: 0.027222222 | R5: 3888555 | S5: 3753132 | T5: =1+S5/R5 -> 1.965174
A6: 0.035277778 | B6: 5092957 | C6: 5077313 | D6: =1+C6/B6 -> 1.9969283 | E6: 0.035555556 | F6: 5087688 | G6: 4308241 | H6: =1+G6/F6 -> 1.8467974 | I6: 0.035277778 | J6: 5094471 | K6: 4243228 | L6: =1+K6/J6 -> 1.8329085 | M6: 0.035277778 | N6: 5077184 | O6: 4752197 | P6: =1+O6/N6 -> 1.9359907 | Q6: 0.035555556 | R6: 5088845 | S6: 4969000 | T6: =1+S6/R6 -> 1.9764495
A7: 0.043611111 | B7: 6293241 | C7: 6284008 | D7: =1+C7/B7 -> 1.9985329 | E7: 0.043888889 | F7: 6287915 | G7: 5316466 | H7: =1+G7/F7 -> 1.8455054 | I7: 0.043611111 | J7: 6294766 | K7: 5181594 | L7: =1+K7/J7 -> 1.8231591 | M7: 0.043611111 | N7: 6277458 | O7: 6010811 | P7: =1+O7/N7 -> 1.9575231 | Q7: 0.043888889 | R7: 6289155 | S7: 6096313 | T7: =1+S7/R7 -> 1.9693374
A8: 0.051944444 | B8: 7493524 | C8: 7452450 | D8: =1+C8/B8 -> 1.9945187 | E8: 0.052222222 | F8: 7488266 | G8: 6290933 | H8: =1+G8/F8 -> 1.8401054 | I8: 0.051944444 | J8: 7495054 | K8: 6115135 | L8: =1+K8/J8 -> 1.8158894 | M8: 0.051944444 | N8: 7477736 | O8: 7264753 | P8: =1+O8/N8 -> 1.9715177 | Q8: 0.052222222 | R8: 7489436 | S8: 7138425 | T8: =1+S8/R8 -> 1.9531325
A9: 0.060277778 | B9: 8693804 | C9: 8609167 | D9: =1+C9/B9 -> 1.9902647 | E9: 0.060555556 | F9: 8688552 | G9: 7241215 | H9: =1+G9/F9 -> 1.8334202 | I9: 0.060277778 | J9: 8695354 | K9: 6963542 | L9: =1+K9/J9 -> 1.8008348 | M9: 0.060277778 | N9: 8678016 | O9: 8631282 | P9: =1+O9/N9 -> 1.9946147 | Q9: 0.060555556 | R9: 8689724 | S9: 8295238 | T9: =1+S9/R9 -> 1.9546032
A10: 0.068611111 | B10: 9894097 | C10: 9702239 | D10: =1+C10/B10 -> 1.9806088 | E10: 0.068888889 | F10: 9888851 | G10: 8157089 | H10: =1+G10/F10 -> 1.8248773 | I10: 0.068611111 | J10: 9895640 | K10: 7827639 | L10: =1+K10/J10 -> 1.791019 | M10: 0.068888889 | N10: 9878322 | O10: 9981529 | P10: =1+O10/N10 -> 2.0104478 | Q10: 0.068888889 | R10: 9890010 | S10: 9302909 | T10: =1+S10/R10 -> 1.940637
A11: 0.076944444 | B11: 11094385 | C11: 10784662 | D11: =1+C11/B11 -> 1.9720829 | E11: 0.077222222 | F11: 11089136 | G11: 9059896 | H11: =1+G11/F11 -> 1.8170065 | I11: 0.076944444 | J11: 11095924 | K11: 8609692 | L11: =1+K11/J11 -> 1.7759329 | M11: 0.077222222 | N11: 11078598 | O11: 11308528 | P11: =1+O11/N11 -> 2.0207544 | Q11: 0.077222222 | R11: 11090294 | S11: 10223368 | T11: =1+S11/R11 -> 1.9218302
A12: 0.085277778 | B12: 12294672 | C12: 11877533 | D12: =1+C12/B12 -> 1.9660716 | E12: 0.085555556 | F12: 12289425 | G12: 9990777 | H12: =1+G12/F12 -> 1.8129572 | I12: 0.085277778 | J12: 12296236 | K12: 9493771 | L12: =1+K12/J12 -> 1.7720876 | M12: 0.085555556 | N12: 12278872 | O12: 12329218 | P12: =1+O12/N12 -> 2.0041002 | Q12: 0.085555556 | R12: 12290579 | S12: 11274669 | T12: =1+S12/R12 -> 1.9173424
A13: 0.093611111 | B13: 13494954 | C13: 13130235 | D13: =1+C13/B13 -> 1.9729737 | E13: 0.093888889 | F13: 13489721 | G13: 11001301 | H13: =1+G13/F13 -> 1.8155321 | I13: 0.093611111 | J13: 13496528 | K13: 10443488 | L13: =1+K13/J13 -> 1.7737907 | M13: 0.093888889 | N13: 13479164 | O13: 13241721 | P13: =1+O13/N13 -> 1.9823844 | Q13: 0.093888889 | R13: 13490876 | S13: 12406438 | T13: =1+S13/R13 -> 1.9196169
... A1202: 10.004167 | B1202: 1710124970 | C1202: 5694424346 | D1202: =1+C1202/B1202 -> 4.3298294 | E1202: 10.004444 | F1202: 1914675103 | G1202: 5108564659 | H1202: =1+G1202/F1202 -> 3.6681105 | I1202: 10.004444 | J1202: 2015463835 | K1202: 3756793473 | L1202: =1+K1202/J1202 -> 2.8639846 | M1202: 10.004444 | N1202: 2048502351 | O1202: 4640480702 | P1202: =1+O1202/N1202 -> 3.2653041 | Q1202: 10.004444 | R1202: 2101934872 | S1202: 4733551241 | T1202: =1+S1202/R1202 -> 3.2519971

Sheet 이 PC v7 별도
A1: 구간 | B1: 워크로드 | C1: 구간 WAF | D1: sample p0 | E1: sample p1 | F1: sample p2 | G1: sample p3
A2: S01 F | B2: F | C2: 1.936041 | D2: 447 | E2: 448 | F2: 450 | G2: 456
A3: S02 S | B3: S | C3: 1.8191351 | D3: 120 | E3: 118 | F3: 117 | G3: 120
A4: S03 V | B4: V | C4: 2.49994 | D4: 2411 | E4: 2245 | F4: 2234 | G4: 2252
A5: S04 F | B5: F | C5: 5.4047937 | D5: 1354 | E5: 1441 | F5: 1380 | G5: 1373
A6: S05 V | B6: V | C6: 2.6411784 | D6: 2326 | E6: 2140 | F6: 2133 | G6: 2154
A7: S06 S | B7: S | C7: 5.0107547 | D7: 297 | E7: 303 | F7: 297 | G7: 303
A8: S07 F | B8: F | C8: 5.6144334 | D8: 1390 | E8: 1391 | F8: 1521 | G8: 1507
A9: S08 S | B9: S | C9: 4.9146891 | D9: 322 | E9: 296 | F9: 323 | G9: 346
A10: S09 V | B10: V | C10: 2.7008881 | D10: 2474 | E10: 2242 | F10: 2369 | G10: 2319
A11: S10 F | B11: F | C11: 5.4216798 | D11: 1380 | E11: 1300 | F11: 1429 | G11: 1461
A12: S11 V | B12: V | C12: 2.6534238 | D12: 2417 | E12: 2218 | F12: 2221 | G12: 2223
A13: S12 S | B13: S | C13: 5.0230948 | D13: 305 | E13: 306 | F13: 307 | G13: 299
... A21: S20 S | B21: S | C21: 4.8729746 | D21: 323 | E21: 314 | F21: 298 | G21: 311
A23: 전체 WAF | B23: 3.3188653
A24: oy-B550M-DS3H

Sheet 출처
A1: 정책 | B1: hostname | C1: commit | D1: 원본 디렉터리 | E1: summary 링크
A2: CAT-37 기본 | B2: oy-System-Product-Name | C2: bd147817a1cea5cab814eb7b68b676c2a2008f6e | D2: result/gc-20261010/mixY-arm37-rep1 | E2: 원본 summary.txt
A3: CAT-50 견고 | B3: oy-System-Product-Name | C3: bd147817a1cea5cab814eb7b68b676c2a2008f6e | D3: result/gc-20261010/mixY-arm50-rep1 | E3: 원본 summary.txt
A4: CAT-47 | B4: oy-System-Product-Name | C4: bd147817a1cea5cab814eb7b68b676c2a2008f6e | D4: result/gc-20261010/mixY-fixed47-rep1 | E4: 원본 summary.txt
A5: iCAT-v6 | B5: oy-System-Product-Name | C5: bd147817a1cea5cab814eb7b68b676c2a2008f6e | D5: result/gc-20261010/mixY-onlinev6-rep1 | E5: 원본 summary.txt
A6: iCAT-v7 | B6: oy-System-Product-Name | C6: bd147817a1cea5cab814eb7b68b676c2a2008f6e | D6: result/v7-20261011/mixY/mixY-onlinev7-rep1 | E6: 원본 summary.txt
A7: iCAT-v7 이 PC | B7: oy-B550M-DS3H | C7: d424f548b548715a190c6b2c7fa105d904f9aca8 | D7: result/v7-20261011-icat2/mixY/mixY-onlinev7-rep1 | E7: 원본 summary.txt
